{"cameraMode":{"drawMode":0,"name":"Shaded","section":"Shading Mode"},"sceneLighting":true,"audioPlay":false,"sceneViewState":{"showFog":true,"showMaterialUpdate":false,"showSkybox":true,"showFlares":true,"showImageEffects":true,"showParticleSystems":true},"in2DMode":false,"pivot":{"x":901.1686401367188,"y":1393.346435546875,"z":611.56591796875},"rotation":{"x":-0.1349686086177826,"y":0.8490523099899292,"z":-0.4391271471977234,"w":-0.26097065210342409},"size":2902.268310546875,"orthographic":false}